pdb_id	entity_id	rcsb_id	query_min_length	query_experimental_method	query_max_resolution	score	entry_title	entry_initial_release_date	entry_experimental_method_summary	entry_experimental_methods	entry_resolution	cryo_em_method_present	entity_polymer_type	entity_sequence_length	canonical_sequence_length	sequence_hash	sequence_cluster_id	sequence_cluster_key	sequence_cluster_size	representative_rank	representative_ranking	selection_status	description	auth_asym_ids	asym_ids	source_organisms	metadata_status	molecule_type	selection_reason	selection_rank
9CN3	11	9CN3_11	800	cryo-em		1.0	Human 39S mitoribosome in complex with antibiotic Linezolid	2025-04-23T00:00:00Z	EM	ELECTRON MICROSCOPY	2.62	1	RNA	1559	1559	b2b1ae5ca544f575feb47a6e7922def7515d1a0a	seq000052	Homo sapiens|sha1:b2b1ae5ca544f575feb47a6e7922def7515d1a0a	42	1	newest	selected_representative	16S rRNA	A	K	Homo sapiens	ok	16S rRNA	priority	1
9GHE	7	9GHE_7	800	cryo-em		1.0	Staphylococcus aureus FusB bound to the small subunit of the Escherichia coli 70S ribosome (FusB-70S:SSU)	2025-03-26T00:00:00Z	EM	ELECTRON MICROSCOPY	1.87	1	RNA	1554	1554	e10f10e2612f0e7bb27758810e1e141c9d6bb4d2	seq000778	Escherichia coli K-12|sha1:e10f10e2612f0e7bb27758810e1e141c9d6bb4d2	6	1	newest	selected_representative	16S rRNA	A	G	Escherichia coli K-12	ok	16S rRNA	other	2
9Q3R	1	9Q3R_1	800	cryo-em		1.0	Cryo-EM structure of the Escherichia coli 70S ribosome bound to mRNA, P-site fMet-tRNAfMet, glycyl-tRNAGly in A/T conformation, EF-Tu-GDPCP, and bottromycin at 1.99A resolution	2026-08-26T00:00:00Z	EM	ELECTRON MICROSCOPY	1.99	1	RNA	1542	1542	07e357f66cf145251e0bda2f3d6f78c7d043767a	seq000035	Escherichia coli|sha1:07e357f66cf145251e0bda2f3d6f78c7d043767a	161	1	newest	selected_representative	16S Ribosomal RNA	a	A	Escherichia coli	ok	16S rRNA	other	3
9RU9	79	9RU9_79	800	cryo-em		1.0	RPS26dC HEK mutant 80S ribosome bound to Kozak mRNA (RPS26dC-Kozak)	2026-06-03T00:00:00Z	EM	ELECTRON MICROSCOPY	2.97	1	RNA	5069	5069	f19a5f956fb3e08f99046a9549c14f5f96e12d0b	seq000625	Homo sapiens|sha1:f19a5f956fb3e08f99046a9549c14f5f96e12d0b	13	1	newest	selected_representative	23S rRNA	L5	AC	Homo sapiens	ok	23S rRNA	priority	1
9Q87	30	9Q87_30	800	cryo-em		1.0	Principles of ion binding to RNA inferred from the analysis of a 1.55 Angstrom resolution bacterial ribosome structure - Part I: Mg2+	2025-05-14T00:00:00Z	EM	ELECTRON MICROSCOPY	1.55	1	RNA	2908	2908	b101dd08bdad7b2e113e2381713d52d019629fe5	seq000851	Escherichia coli B|sha1:b101dd08bdad7b2e113e2381713d52d019629fe5	1	1	newest	selected_representative	23S rRNA	a	DA	Escherichia coli B	ok	23S rRNA	other	2
8FTO	29	8FTO_29	800	cryo-em		1.0	E. coli 70S ribosome with an improved MS2 tag inserted in H98	2023-08-02T00:00:00Z	EM	ELECTRON MICROSCOPY	1.85	1	RNA	2937	2937	3a2e7808afe8eb9c6b35143f573eb8f9ef0779e3	seq000622	Escherichia coli|sha1:3a2e7808afe8eb9c6b35143f573eb8f9ef0779e3	1	1	newest	selected_representative	23S rRNA	a	CA	Escherichia coli	ok	23S rRNA	other	3
9PN5	38	9PN5_38	800	cryo-em		1.0	Composite map of hypomethylated 80S ribosome treated with hygromycin B	2026-05-20T00:00:00Z	EM	ELECTRON MICROSCOPY	1.75	1	RNA	3184	3184	78a593d77707179a1083145475dd00fdf014b14a	seq000838	Saccharomyces cerevisiae BY4741|sha1:78a593d77707179a1083145475dd00fdf014b14a	1	1	newest	selected_representative	25S rRNA	A1	LA	Saccharomyces cerevisiae BY4741	ok	25S rRNA	other	1
9H3G	2	9H3G_2	800	cryo-em		1.0	Structure of the Arabidopsis thaliana 80S ribosome in complex with P- and E-site tRNAs and mRNA	2026-02-04T00:00:00Z	EM	ELECTRON MICROSCOPY	1.82	1	RNA	3385	3385	01c81eae36d83db989567e2637f5cfd6eb17e155	seq000787	Arabidopsis thaliana|sha1:01c81eae36d83db989567e2637f5cfd6eb17e155	4	1	newest	selected_representative	Ribosomal RNA 25S	A	B	Arabidopsis thaliana	ok	25S rRNA	other	2
7R4X	2	7R4X_2	800	cryo-em		1.0	Cryo-EM reconstruction of the human 40S ribosomal subunit - Full map	2023-02-22T00:00:00Z	EM	ELECTRON MICROSCOPY	2.15	1	RNA	1868	1868	260f7b405d77c53666970c708bcc428f682315a1	seq000528	Homo sapiens|sha1:260f7b405d77c53666970c708bcc428f682315a1	1	1	newest	selected_representative	18S ribosomal RNA	2	B	Homo sapiens	ok	18S rRNA	priority	1
9PN5	34	9PN5_34	800	cryo-em		1.0	Composite map of hypomethylated 80S ribosome treated with hygromycin B	2026-05-20T00:00:00Z	EM	ELECTRON MICROSCOPY	1.75	1	RNA	1798	1798	74fad9e30d1d25f7c6d20fc54381ddef992101fd	seq000837	Saccharomyces cerevisiae BY4741|sha1:74fad9e30d1d25f7c6d20fc54381ddef992101fd	1	1	newest	selected_representative	18S rRNA	B5	HA	Saccharomyces cerevisiae BY4741	ok	18S rRNA	other	2
9H3G	75	9H3G_75	800	cryo-em		1.0	Structure of the Arabidopsis thaliana 80S ribosome in complex with P- and E-site tRNAs and mRNA	2026-02-04T00:00:00Z	EM	ELECTRON MICROSCOPY	1.82	1	RNA	1805	1805	091bcb2c1eefdcdb8c608b24a4dfa7e0a5ff9efd	seq000788	Arabidopsis thaliana|sha1:091bcb2c1eefdcdb8c608b24a4dfa7e0a5ff9efd	4	1	newest	selected_representative	Ribosomal RNA 18S	h1	WB	Arabidopsis thaliana	ok	18S rRNA	other	3
8A3D	1	8A3D_1	800	cryo-em		1.0	Human mature large subunit of the ribosome with eIF6 and homoharringtonine bound	2023-03-08T00:00:00Z	EM	ELECTRON MICROSCOPY	1.67	1	RNA	5069	5069	93053dbf48644a0fc05da865ef8e20cbfc3298c7	seq000556	Homo sapiens|sha1:93053dbf48644a0fc05da865ef8e20cbfc3298c7	1	1	newest	selected_representative	28S ribosomal RNA	A	A	Homo sapiens	ok	28S rRNA	priority	1
9AXU	3	9AXU_3	800	cryo-em		1.0	Non-translating S. pombe ribosome large subunit	2024-10-16T00:00:00Z	EM	ELECTRON MICROSCOPY	1.94	1	RNA	3498	3498	aee4e4813c469b32efd42a1e43d07b7b329b731a	seq000736	Schizosaccharomyces pombe|sha1:aee4e4813c469b32efd42a1e43d07b7b329b731a	3	1	newest	selected_representative	28S ribosomal RNA	2	C	Schizosaccharomyces pombe	ok	28S rRNA	other	2
9BUQ	34	9BUQ_34	800	cryo-em		1.0	Single particle cryoEM structure of the Pf80S ribosome in the POST state (nrt with P- and E-site tRNA)	2025-05-28T00:00:00Z	EM	ELECTRON MICROSCOPY	2.3	1	RNA	3788	3788	bdedba9c5b4971ae4a84d173c556ed2fb1580e74	seq000749	Plasmodium falciparum 3D7|sha1:bdedba9c5b4971ae4a84d173c556ed2fb1580e74	5	1	newest	selected_representative	28S ribosomal RNA	AA	HA	Plasmodium falciparum 3D7	ok	28S rRNA	other	3
8FKV	4	8FKV_4	800	cryo-em		1.0	Human nucleolar pre-60S ribosomal subunit (State D1)	2023-07-12T00:00:00Z	EM	ELECTRON MICROSCOPY	2.47	1	RNA	1167	1167	f37b6610aba94c199f2fbdb5be4913aec3d062dd	seq000616	Homo sapiens|sha1:f37b6610aba94c199f2fbdb5be4913aec3d062dd	15	1	newest	selected_representative	ITS2 rRNA	L2	D	Homo sapiens	ok	ribosomal RNA (unspecified)	priority	1
8R6F	21	8R6F_21	800	cryo-em		1.0	CryoEM structure of wheat 40S ribosomal subunit, body domain	2023-12-27T00:00:00Z	EM	ELECTRON MICROSCOPY	2.34	1	RNA	1810	1810	b2b4dde60a01e6d31c9a0e99c4e2011d26f7b056	seq000685	Triticum aestivum|sha1:b2b4dde60a01e6d31c9a0e99c4e2011d26f7b056	2	1	newest	selected_representative	RNA (1177-MER)	A	U	Triticum aestivum	ok	ribosomal RNA (unspecified)	other	2
9SDA	1	9SDA_1	800	cryo-em		1.0	Cryo-EM structure of the 70S ribosome from Francisella tularensis bound to a hibernation-promoting factor	2026-05-06T00:00:00Z	EM	ELECTRON MICROSCOPY	2.39	1	RNA	2886	2886	5168a7982f6137322558c1ba1955674938bf5796	seq000023	Francisella tularensis|sha1:5168a7982f6137322558c1ba1955674938bf5796	3	1	newest	selected_representative	Chains: A	A	A	Francisella tularensis	ok	ribosomal RNA (unspecified)	other	3
9RU6	37	9RU6_37	800	cryo-em		1.0	Human mitoribosome bound to TACO1 (Translational activator of COX1), mRNA, A/A-, P/P- and (partial) E/E-tRNAs	2026-07-15T00:00:00Z	EM	ELECTRON MICROSCOPY	2.64	1	RNA	1558	1558	3581b5a4017ad71f1332d504dee9d6bfced4f348	seq000519	Homo sapiens|sha1:3581b5a4017ad71f1332d504dee9d6bfced4f348	13	1	newest	selected_representative	16S mitochondrial rRNA	A	KA	Homo sapiens	ok	16S rRNA (mt)	priority	1
8OIQ	3	8OIQ_3	800	cryo-em		1.0	39S mammalian mitochondrial large ribosomal subunit with mtRF1 and P-site tRNA	2023-06-14T00:00:00Z	EM	ELECTRON MICROSCOPY	3.5	1	RNA	1571	1571	7bfed8823853a5d53222ea3758e5c1056cc12ac4	seq000229	Sus scrofa|sha1:7bfed8823853a5d53222ea3758e5c1056cc12ac4	9	1	newest	selected_representative	16S rRNA	B8	H	Sus scrofa	ok	16S rRNA (mt)	other	2
4CE4	10	4CE4_10	800	cryo-em		1.0	39S large subunit of the porcine mitochondrial ribosome	2013-12-18T00:00:00Z	EM	ELECTRON MICROSCOPY	4.9	1	RNA	1570	1570	edc643e7503dd04424f43666600109baf5e85b17	seq000076	Sus scrofa domesticus|sha1:edc643e7503dd04424f43666600109baf5e85b17	1	1	newest	selected_representative	16S Ribosomal RNA	A	J	Sus scrofa domesticus	ok	16S rRNA (mt)	other	3
8UXA	12	8UXA_12	800	cryo-em		1.0	Glucose treated mitochondrial ribosome of saccharomyces cerevisiae class I	2025-11-19T00:00:00Z	EM	ELECTRON MICROSCOPY	3.2	1	RNA	1649	1649	408e6bcc91330b46fc561e12f46ceb696e02ef0c	seq000706	Saccharomyces cerevisiae|sha1:408e6bcc91330b46fc561e12f46ceb696e02ef0c	1	1	newest	selected_representative	Small ribosomal subunit rRNA	AL	L	Saccharomyces cerevisiae	ok	ribosomal RNA (unspecified) (mt)	other	1
7AM2	73	7AM2_73	800	cryo-em		1.0	Intermediate assembly of the Large subunit from Leishmania major mitochondrial ribosome	2021-04-28T00:00:00Z	EM	ELECTRON MICROSCOPY	3.4	1	RNA	19000	19000	f2a745b0c0f2bca4f3cf4523d4ed19647ac535d0	seq000407	Leishmania tarentolae|sha1:f2a745b0c0f2bca4f3cf4523d4ed19647ac535d0	1	1	newest	selected_representative	Ribosomal RNA	1	VB	Leishmania tarentolae	ok	ribosomal RNA (unspecified) (mt)	other	2
9HM0	46	9HM0_46	800	cryo-em		1.0	Translational activator Aep3 in complex with mRNA and the yeast mitochondrial ribosome	2025-12-17T00:00:00Z	EM	ELECTRON MICROSCOPY	3	1	RNA	3296	3296	8e4df3ca605cf88a5289c50af634ac7595a30f31	seq000800	Saccharomyces cerevisiae W303|sha1:8e4df3ca605cf88a5289c50af634ac7595a30f31	2	1	newest	selected_representative	21S mitochondrial rRNA	AA	TA	Saccharomyces cerevisiae W303	ok	21S rRNA (mt)	other	1
3J6B	1	3J6B_1	800	cryo-em		1.0	Structure of the yeast mitochondrial large ribosomal subunit	2014-04-09T00:00:00Z	EM	ELECTRON MICROSCOPY	3.2	1	RNA	3296	3296	8e4df3ca605cf88a5289c50af634ac7595a30f31	seq000042	Saccharomyces cerevisiae|sha1:8e4df3ca605cf88a5289c50af634ac7595a30f31	1	1	newest	selected_representative	21S ribosomal RNA	A	A	Saccharomyces cerevisiae	ok	21S rRNA (mt)	other	2
8K2A	83	8K2A_83	800	cryo-em		1.0	Cryo-EM structure of the human 55S mitoribosome with Tigecycline	2024-07-10T00:00:00Z	EM	ELECTRON MICROSCOPY	2.9	1	RNA	954	954	49ebe2cd52f78464cf7426b999e8ef44dfeff1fd	seq000398	Homo sapiens|sha1:49ebe2cd52f78464cf7426b999e8ef44dfeff1fd	7	1	newest	selected_representative	12S rRNA	S1	EC	Homo sapiens	ok	12S rRNA	priority	1
6YXY	6	6YXY_6	800	cryo-em		1.0	State B of the Trypanosoma brucei mitoribosomal large subunit assembly intermediate	2020-10-14T00:00:00Z	EM	ELECTRON MICROSCOPY	3.1	1	RNA	1176	1176	cf87d2b88b185d016c1aef765634995b9017329b	seq000367	Trypanosoma brucei brucei|sha1:cf87d2b88b185d016c1aef765634995b9017329b	1	1	newest	selected_representative	12S ribosomal RNA	AA	F	Trypanosoma brucei brucei	ok	12S rRNA	other	2
9GYT	86	9GYT_86	800	cryo-em		1.0	High resolution structure of B. oleracea mitoribosome	2025-10-15T00:00:00Z	EM	ELECTRON MICROSCOPY	2.11	1	RNA	2922	2922	db16cc906e1be09dd06e72ac7270c37b22ba59b1	seq000762	Brassica oleracea var. botrytis|sha1:db16cc906e1be09dd06e72ac7270c37b22ba59b1	2	1	newest	selected_representative	26S rRNA	1	HC	Brassica oleracea var. botrytis	ok	26S rRNA	other	1
9I78	48	9I78_48	800	cryo-em		1.0	Cryo-EM structure of Chaetomium thermophilum ribosome-bound SND3 translocon	2025-11-12T00:00:00Z	EM	ELECTRON MICROSCOPY	2.2	1	RNA	3337	3337	a71a0433e86bf58d04d8e5a6b2b876b4887d6c52	seq000483	Thermochaetoides thermophila DSM 1495|sha1:a71a0433e86bf58d04d8e5a6b2b876b4887d6c52	6	1	newest	selected_representative	26S rRNA	L1	VA	Thermochaetoides thermophila DSM 1495	ok	26S rRNA	other	2
6NEQ	1	6NEQ_1	800	cryo-em		1.0	Structure of human mitochondrial translation initiation factor 3 bound to the small ribosomal subunit-Class-II	2019-02-27T00:00:00Z	EM	ELECTRON MICROSCOPY	3.32	1	RNA	955	955	88a3d60ac75074e47c1597f9a0eb909bdc830f82	seq000073	Bos taurus|sha1:88a3d60ac75074e47c1597f9a0eb909bdc830f82	3	1	newest	selected_representative	28S ribosomal RNA, mitochondrial	A	A	Bos taurus	ok	28S rRNA (mt)	other	1
7QEP	2	7QEP_2	800	cryo-em		1.0	Cryo-EM structure of the ribosome from Encephalitozoon cuniculi	2022-02-09T00:00:00Z	EM	ELECTRON MICROSCOPY	2.7	1	RNA	2486	2486	9d7d809e2f0fdaf77533b9f1e101bbd95f298726	seq000512	Encephalitozoon cuniculi GB-M1|sha1:9d7d809e2f0fdaf77533b9f1e101bbd95f298726	1	1	newest	selected_representative	5.8S-23S ribosomal RNA	1	B	Encephalitozoon cuniculi GB-M1	ok	5.8S rRNA	other	1
6UZ7	3	6UZ7_3	800	cryo-em		1.0	K.lactis 80S ribosome with p/PE tRNA and eIF5B	2020-01-15T00:00:00Z	EM	ELECTRON MICROSCOPY	3.6	1	RNA	2825	2825	95c435063848ad634439ca91aa4c23e8774bf7f4	seq000330	Kluyveromyces lactis|sha1:95c435063848ad634439ca91aa4c23e8774bf7f4	1	1	newest	selected_representative	5.8S ribosomal RNA	8	C	Kluyveromyces lactis	ok	5.8S rRNA	other	2
8OVJ	1	8OVJ_1	800	cryo-em		1.0	CRYO-EM STRUCTURE OF LEISHMANIA MAJOR 80S RIBOSOME : PARENTAL STRAIN	2024-05-08T00:00:00Z	EM	ELECTRON MICROSCOPY	2.4	1	RNA	1782	1782	54b52cf9f6f52eacfa1745441a12c48a3b9f66a3	seq000655	Leishmania major strain Friedlin|sha1:54b52cf9f6f52eacfa1745441a12c48a3b9f66a3	1	1	newest	selected_representative	LSUa_rRNA_chain_1	1	A	Leishmania major strain Friedlin	ok	LSU rRNA (unspecified)	other	1
8OVA	1	8OVA_1	800	cryo-em		1.0	CRYO-EM STRUCTURE OF TRYPANOSOMA BRUCEI PROCYCLIC FORM 80S RIBOSOME : PARENTAL STRAIN	2023-11-29T00:00:00Z	EM	ELECTRON MICROSCOPY	2.47	1	RNA	1920	1920	d375066d0fa0336c9c6ee48a31a84ded005982ae	seq000650	Trypanosoma brucei brucei|sha1:d375066d0fa0336c9c6ee48a31a84ded005982ae	2	1	newest	selected_representative	LSUa rRNA	BA	A	Trypanosoma brucei brucei	ok	LSU rRNA (unspecified)	other	2
9FQZ	47	9FQZ_47	800	cryo-em		1.0	CRYO-EM STRUCTURE OF HCT15 POLYSOMES BOUND TO EEF2, EBP1, AND SERBP1	2026-01-14T00:00:00Z	EM	ELECTRON MICROSCOPY	2.85	1	RNA	1871	1871	d57a256b9a0532e3c958364730c9f566a0a73ef6	seq000770	Homo sapiens|sha1:d57a256b9a0532e3c958364730c9f566a0a73ef6	1	1	newest	selected_representative	SSU rRNA	S2	UA	Homo sapiens	ok	SSU rRNA (unspecified)	priority	1
9Q87	1	9Q87_1	800	cryo-em		1.0	Principles of ion binding to RNA inferred from the analysis of a 1.55 Angstrom resolution bacterial ribosome structure - Part I: Mg2+	2025-05-14T00:00:00Z	EM	ELECTRON MICROSCOPY	1.55	1	RNA	1554	1554	ca0df5d17cf1e195bdee4e2ac72fe9220d2fa9f6	seq000574	Escherichia coli B|sha1:ca0df5d17cf1e195bdee4e2ac72fe9220d2fa9f6	2	1	newest	selected_representative	30S	A	A	Escherichia coli B	ok	SSU rRNA (unspecified)	other	2
9FXO	51	9FXO_51	800	cryo-em		1.0	CRYO-EM STRUCTURE OF LEISHMANIA MAJOR 80S RIBOSOME WITH A/P/E-SITE TRNA AND MRNA : LM32CS1C1 M2 OE MUTANT	2025-07-23T00:00:00Z	EM	ELECTRON MICROSCOPY	2.25	1	RNA	2204	2204	c28f7785c98b3a6263f2ddc632f72503c20dba45	seq000772	Leishmania major strain Friedlin|sha1:c28f7785c98b3a6263f2ddc632f72503c20dba45	1	1	newest	selected_representative	SSU_rRNA_chain_S1	S1	YA	Leishmania major strain Friedlin	ok	SSU rRNA (unspecified)	other	3
9S7E	25	9S7E_25	800	cryo-em		1.0	Structure of human mitochondrial COX1-translating ribosome nascent chain-OXA1L/MITRAC complex in closed state (closed COX1-mtRNC-OXA1L/MITRAC)	2026-08-12T00:00:00Z	EM	ELECTRON MICROSCOPY	3.1	1	RNA	954	954	4ae793b9179b0f7d8f657c26f01b2bb6e7438cb6	seq000372	Homo sapiens|sha1:4ae793b9179b0f7d8f657c26f01b2bb6e7438cb6	27	1	newest	selected_representative	12S mitochondrial rRNA	AA	Y	Homo sapiens	ok	12S rRNA (mt)	priority	1
6YDP	30	6YDP_30	800	cryo-em		1.0	55S mammalian mitochondrial ribosome with mtEFG1 and P site fMet-tRNAMet (POST)	2020-07-15T00:00:00Z	EM	ELECTRON MICROSCOPY	3	1	RNA	16770	16770	b817b10d3e4a4059a02506fd3d295c178b092a9a	seq000357	Sus scrofa|sha1:b817b10d3e4a4059a02506fd3d295c178b092a9a	2	1	newest	selected_representative	12S rRNA	AA,BA	AC,DA	Sus scrofa	ok	12S rRNA (mt)	other	2
7PNU	1	7PNU_1	800	cryo-em		1.0	Assembly intermediate of mouse mitochondrial ribosome small subunit without mS37 in complex with RbfA inward conformation	2022-06-15T00:00:00Z	EM	ELECTRON MICROSCOPY	3.06	1	RNA	956	956	5b78c7dcbde85d9e7016c7c86c76fab5ba0d71dc	seq000504	Mus musculus|sha1:5b78c7dcbde85d9e7016c7c86c76fab5ba0d71dc	4	1	newest	selected_representative	12S mitochondrial rRNA	A	A	Mus musculus	ok	12S rRNA (mt)	other	3
7A5P	1	7A5P_1	800	cryo-em		1.0	Human C Complex Spliceosome - Medium-resolution PERIPHERY	2020-10-14T00:00:00Z	EM	ELECTRON MICROSCOPY	5	1	RNA	975	975	82ba5815078deed60dfb5e9f9c9c5b655a63ce4c	seq000399	Homo sapiens|sha1:82ba5815078deed60dfb5e9f9c9c5b655a63ce4c	1	1	newest	selected_representative	U2 snRNA	2	A	Homo sapiens	ok	spliceosomal RNA	priority	1
9DTR	1	9DTR_1	800	cryo-em		1.0	Structure of the yeast post-catalytic P complex spliceosome at 2.3 Angstrom resolution	2024-12-25T00:00:00Z	EM	ELECTRON MICROSCOPY	2.31	1	RNA	1175	1175	f2b07ee2463518d89c7dd3f1046b28cabfd89bce	seq000152	Saccharomyces cerevisiae|sha1:f2b07ee2463518d89c7dd3f1046b28cabfd89bce	11	1	newest	selected_representative	U2 snRNA	2	A	Saccharomyces cerevisiae	ok	spliceosomal RNA	other	2
6J6G	19	6J6G_19	800	cryo-em		1.0	Cryo-EM structure of the yeast B*-a2 complex at an average resolution of 3.2 angstrom	2019-04-24T00:00:00Z	EM	ELECTRON MICROSCOPY	3.2	1	RNA	1175	1175	f2b07ee2463518d89c7dd3f1046b28cabfd89bce	seq000132	Saccharomyces cerevisiae S288C|sha1:f2b07ee2463518d89c7dd3f1046b28cabfd89bce	11	1	newest	selected_representative	U2 snRNA	L	S	Saccharomyces cerevisiae S288C	ok	spliceosomal RNA	other	3
8OM4	34	8OM4_34	800	cryo-em		1.0	Small subunit of yeast mitochondrial ribosome.	2024-01-10T00:00:00Z	EM	ELECTRON MICROSCOPY	2.32	1	RNA	1647	1647	a71471f330041a4cb02964eb2d6120fcf2f7bbf5	seq000648	Saccharomyces cerevisiae|sha1:a71471f330041a4cb02964eb2d6120fcf2f7bbf5	3	1	newest	selected_representative	15S mitochondrial rRNA	r	HA	Saccharomyces cerevisiae	ok	15S rRNA (mt)	other	1
9HM0	77	9HM0_77	800	cryo-em		1.0	Translational activator Aep3 in complex with mRNA and the yeast mitochondrial ribosome	2025-12-17T00:00:00Z	EM	ELECTRON MICROSCOPY	3	1	RNA	1649	1649	f60a6a36f16c7e634d65ebd4e8fa25876192e43d	seq000801	Saccharomyces cerevisiae W303|sha1:f60a6a36f16c7e634d65ebd4e8fa25876192e43d	2	1	newest	selected_representative	15S mitochondrial rRNA	r	YB	Saccharomyces cerevisiae W303	ok	15S rRNA (mt)	other	2
9XAG	50	9XAG_50	800	cryo-em		1.0	Cryo-EM structure of the 90S pre-ribosome (Enp1-Rrp12 Mut) from Chaetomium thermophilum, state B1	2026-06-24T00:00:00Z	EM	ELECTRON MICROSCOPY	2.8	1	RNA	2348	2348	ffcfba019bfe373c1d6d2f73d143cc7783175224	seq000912	Thermochaetoides thermophila|sha1:ffcfba019bfe373c1d6d2f73d143cc7783175224	1	1	newest	selected_representative	35s rna	C1	BB	Thermochaetoides thermophila	ok	35S rRNA	other	1
5OQL	50	5OQL_50	800	cryo-em		1.0	Cryo-EM structure of the 90S pre-ribosome from Chaetomium thermophilum	2017-10-11T00:00:00Z	EM	ELECTRON MICROSCOPY	3.2	1	RNA	2568	2568	e5c98a9a42b4d71f5795bbdbb988276ea97ca12d	seq000177	Thermochaetoides thermophila DSM 1495|sha1:e5c98a9a42b4d71f5795bbdbb988276ea97ca12d	1	1	newest	selected_representative	35S rRNA	1	BB	Thermochaetoides thermophila DSM 1495	ok	35S rRNA	other	2
8TOC	1	8TOC_1	800	cryo-em		1.0	Acinetobacter phage AP205	2024-03-06T00:00:00Z	EM	ELECTRON MICROSCOPY	3.11	1	RNA	4269	4269	c6b831605f9a874fc8b8b2cde62bb95740e0e8fd	seq000699	Bacteria abnormis|sha1:c6b831605f9a874fc8b8b2cde62bb95740e0e8fd	1	1	newest	selected_representative	RNA (4269-MER)	R	A	Bacteria abnormis	ok	viral/phage RNA	other	1
5TC1	3	5TC1_3	800	cryo-em		1.0	In situ structures of the genome and genome-delivery apparatus in ssRNA bacteriophage MS2	2016-12-07T00:00:00Z	EM	ELECTRON MICROSCOPY	3.6	1	RNA	3569	3569	232004469e9c3fe33751edec1cce5306c9a63d1b	seq000187	Emesvirus zinderi|sha1:232004469e9c3fe33751edec1cce5306c9a63d1b	1	1	newest	selected_representative	phage MS2 genome	R	J	Emesvirus zinderi	ok	viral/phage RNA	other	2
8XTS	1	8XTS_1	800	cryo-em		1.0	Comamonas testosteroni KF-1 circularly permuted group II intron Pre-1S state	2025-02-12T00:00:00Z	EM	ELECTRON MICROSCOPY	2.54	1	RNA	814	814	01b350cd79936e76d55f0ad900aeb16fa166f99a	seq000724	Comamonas testosteroni KF-1|sha1:01b350cd79936e76d55f0ad900aeb16fa166f99a	1	1	newest	selected_representative	RNA (814-MER)	A	A	Comamonas testosteroni KF-1	ok	group I/II intron	other	1
8H2H	1	8H2H_1	800	cryo-em		1.0	Cryo-EM structure of a Group II Intron Complexed with its Reverse Transcriptase	2022-11-23T00:00:00Z	EM	ELECTRON MICROSCOPY	3.2	1	RNA	902	902	02f52c7abc30bb283423adc340f771b007561953	seq000629	Lactococcus lactis|sha1:02f52c7abc30bb283423adc340f771b007561953	1	1	newest	selected_representative	LtrB	A	A	Lactococcus lactis	ok	group I/II intron	other	2
6RBD	3	6RBD_3	800	cryo-em		1.0	State 1 of yeast Tsr1-TAP Rps20-Deltaloop pre-40S particles	2019-06-26T00:00:00Z	EM	ELECTRON MICROSCOPY	3.47	1	RNA	1801	1801	5092242c62c4d9ceedf65c79bdd9c0c1008eb6ab	seq000288	Saccharomyces cerevisiae S288C|sha1:5092242c62c4d9ceedf65c79bdd9c0c1008eb6ab	1	1	newest	selected_representative	20S ribosomal RNA	2	C	Saccharomyces cerevisiae S288C	ok	20S rRNA	other	1
8CBJ	38	8CBJ_38	800	cryo-em		1.0	Cryo-EM structure of Otu2-bound cytoplasmic pre-40S ribosome biogenesis complex	2023-05-24T00:00:00Z	EM	ELECTRON MICROSCOPY	3.8	1	RNA	2012	2012	94b19c66ca67ba361d248e1c7e94ad60e9f2173d	seq000593	Saccharomyces cerevisiae|sha1:94b19c66ca67ba361d248e1c7e94ad60e9f2173d	1	1	newest	selected_representative	20S pre-ribosomal RNA	2	LA	Saccharomyces cerevisiae	ok	20S rRNA	other	2
6SG9	7	6SG9_7	800	cryo-em		1.0	Head domain of the mt-SSU assemblosome from Trypanosoma brucei	2019-09-18T00:00:00Z	EM	ELECTRON MICROSCOPY	3.1	1	RNA	802	802	0b65817d9e5fadc25d61b7d3b026f43823654f14	seq000299	Trypanosoma brucei brucei|sha1:0b65817d9e5fadc25d61b7d3b026f43823654f14	1	1	newest	selected_representative	9S rRNA	CA	G	Trypanosoma brucei brucei	ok	9S rRNA (mt)	other	1
9E9C	1	9E9C_1	800	cryo-em		1.0	Mouse mitoribosome large subunit assembly intermediate bound to NSUN4, METRF4, GTPBP7, GTPBP10 and the MALSU1-L0R8F8-mt-ACP complex (without uL16m), State B1 (SAMC knock-out)	2025-08-06T00:00:00Z	EM	ELECTRON MICROSCOPY	3.62	1	RNA	1584	1584	d4744aea8ff48076dd2d979b384978a744994ea3	seq000758	Mus musculus|sha1:d4744aea8ff48076dd2d979b384978a744994ea3	6	1	newest	selected_representative	RNA (1428-MER)	A	A	Mus musculus	ok	LSU rRNA (unspecified) (mt)	other	1
6Z1P	2	6Z1P_2	800	cryo-em		1.0	Structure of the mitochondrial ribosome from Tetrahymena thermophila	2020-06-24T00:00:00Z	EM	ELECTRON MICROSCOPY	3.7	1	RNA	2314	2314	b491278d81c278cbda1593a6e33d2c45fdb232db	seq000368	Tetrahymena thermophila SB210|sha1:b491278d81c278cbda1593a6e33d2c45fdb232db	1	1	newest	selected_representative	LSU rRNA_2	Ab	B	Tetrahymena thermophila SB210	ok	LSU rRNA (unspecified) (mt)	other	2
9H51	2	9H51_2	800	cryo-em		1.0	Assembly intermediate of human mitochondrial ribosome small subunit in complex with PUS1, METTL15 and RBFA(IN conformation) (state M1)	2026-05-27T00:00:00Z	EM	ELECTRON MICROSCOPY	3.1	1	RNA	959	959	8a3049c89dbde28b7168218b9e22d0a88cea609e	seq000793	Homo sapiens|sha1:8a3049c89dbde28b7168218b9e22d0a88cea609e	1	1	newest	selected_representative	RNA (969-MER)	A	B	Homo sapiens	ok	SSU rRNA (unspecified) (mt)	priority	1
7AOR	56	7AOR_56	800	cryo-em		1.0	mt-SSU from Trypanosoma cruzi in complex with mt-IF-3.	2021-04-28T00:00:00Z	EM	ELECTRON MICROSCOPY	3.5	1	RNA	8129	8129	ff89f2b6fa55a8e29ce99764ba52c5f7ba129e6e	seq000409	Trypanosoma cruzi strain CL Brener|sha1:ff89f2b6fa55a8e29ce99764ba52c5f7ba129e6e	1	1	newest	selected_representative	RNA (478-MER)	2,A	DB,EB	Trypanosoma cruzi strain CL Brener	ok	SSU rRNA (unspecified) (mt)	other	2
6Z1P	50	6Z1P_50	800	cryo-em		1.0	Structure of the mitochondrial ribosome from Tetrahymena thermophila	2020-06-24T00:00:00Z	EM	ELECTRON MICROSCOPY	3.7	1	RNA	1395	1395	6a658793b43af6342b49d0589845ff844cd344bd	seq000369	Tetrahymena thermophila SB210|sha1:6a658793b43af6342b49d0589845ff844cd344bd	1	1	newest	selected_representative	SSU rRNA_2	Bb	XA	Tetrahymena thermophila SB210	ok	SSU rRNA (unspecified) (mt)	other	3
8X9K	1	8X9K_1	800	cryo-em		1.0	Cte_Branching,Ca,inactive	2025-03-12T00:00:00Z	EM	ELECTRON MICROSCOPY	2.63	1	RNA	808	808	01d2d5c5a2edd10d9dc9e8d36854a78c7d8f1e34	seq000720	Comamonas testosteroni KF-1|sha1:01d2d5c5a2edd10d9dc9e8d36854a78c7d8f1e34	2	1	newest	selected_representative	RNA (808-MER)	A	A	Comamonas testosteroni KF-1	ok	other/unclassified	other	1
8BF9	1	8BF9_1	800	cryo-em		1.0	Molecular view of ER membrane remodeling by the Sec61/TRAP translocon.	2023-11-01T00:00:00Z	EM	ELECTRON MICROSCOPY	2.69	1	RNA	3662	3662	8c063cedde8fb0a7732ce4dc68ff8b7912ef9163	seq000576	Ovis aries|sha1:8c063cedde8fb0a7732ce4dc68ff8b7912ef9163	1	1	newest	selected_representative	RNA (1766)	5	A	Ovis aries	ok	other/unclassified	other	2
8WQ2	1	8WQ2_1	800	cryo-em		1.0	Structural basis of translation inhibition by a valine tRNA-derived fragment	2024-04-10T00:00:00Z	EM	ELECTRON MICROSCOPY	4.1	1	RNA	1501	1501	4f3d180f81652c6eb0e690a59a3825cf2b8519eb	seq000631	Sulfolobus acidocaldarius DSM 639|sha1:4f3d180f81652c6eb0e690a59a3825cf2b8519eb	4	1	newest	selected_representative	RNA (1328-MER)	A16S	A	Sulfolobus acidocaldarius DSM 639	ok	tRNA	other	1
9O3W	82	9O3W_82	800	cryo-em		1.0	Human 80S ribosome bound to IDB-001 stalled on MYC nascent chain	2026-03-04T00:00:00Z	EM	ELECTRON MICROSCOPY	1.9	1	RNA	832	832	4fdb60501171c8a611b53f26d18ea6a6bb2090fb	seq000831	Homo sapiens|sha1:4fdb60501171c8a611b53f26d18ea6a6bb2090fb	2	1	newest	selected_representative	mRNA	mR	DC	Homo sapiens	ok	mRNA	priority	1
9SWN	6	9SWN_6	800	cryo-em		1.0	Cryo-EM structure of yeast telomerase holoenzyme	2026-04-08T00:00:00Z	EM	ELECTRON MICROSCOPY	3	1	RNA	1157	1157	c6711fada922180dbd8bfa9352090d8860189b27	seq000890	Saccharomyces cerevisiae|sha1:c6711fada922180dbd8bfa9352090d8860189b27	2	1	newest	selected_representative	TLC1 RNA	B	F	Saccharomyces cerevisiae	ok	telomerase RNA	other	1
9V24	53	9V24_53	800	cryo-em		1.0	Cryo- EM structure of 75S ribosome with A/P- & P/E- tRNAs from Entamoeba histolytica	2025-10-15T00:00:00Z	EM	ELECTRON MICROSCOPY	3.1	1	RNA	1947	1947	4cae4ed21d428981c04cef4e2705aaeb05b24496	seq000906	Entamoeba histolytica HM-1:IMSS|sha1:4cae4ed21d428981c04cef4e2705aaeb05b24496	8	1	newest	selected_representative	17S rRNA	sa	AB	Entamoeba histolytica HM-1:IMSS	ok	17S rRNA	other	1
